{
    "accuracy": 0.965,
    "precision": 0.9745762711864406,
    "recall": 0.9663865546218487,
    "f1_score": 0.9704641350210971,
    "confusion_matrix": [
        [
            78,
            3
        ],
        [
            4,
            115
        ]
    ]
}