{
    "accuracy": 0.975,
    "precision": 0.975,
    "recall": 0.9831932773109243,
    "f1_score": 0.9790794979079498,
    "confusion_matrix": [
        [
            78,
            3
        ],
        [
            2,
            117
        ]
    ]
}